{
  "Name": "DUMMY",
  "Components": [
    {
        "name": "A",
        "characteristics": [
            "A1",
            "A2",
            "A3"
        ]
    },
    {
        "name": "B",
        "characteristics": [
            "B1",
            "B2",
            "B3",
            "B4"
        ]
    }
  ],
  "Customer": {
    "Components": ["A"]
  },
  "Supplier": {
    "Components": ["B"]
  },
  "Bins": 31,
  "FunctionalModel": {
    "A1": [1.5195,	6.0121, 3.1990],
    "A2": [1.4105, 6.3755, 4.3966],
    "A3": [-2.5485, -7.9974, -2.2838],
    "B1": [1.0884, 6.0815, -0.3433],
    "B2": [0.3883, 1.0595, 0.1761],
    "B3": [9.6467, 15.4398, 1.2335],
    "B4": [-0.8297, -2.9611, -0.4195]
  },
  "Tolerances": {
    "A1": [-1.0, 1.0],
    "A2": [-1.0, 1.0],
    "A3": [-1.0, 1.0],
    "B1": [-1.0, 1.0],
    "B2": [-1.0, 1.0],
    "B3": [-1.0, 1.0],
    "B4": [-1.0, 1.0],
    "F1": [-10.0, 10.0],
    "F2": [-10.0, 10.0],
    "F3": [-10.0, 10.0],
    "WeightedF": [-10.0, 10.0]
  },
  "TestPoints": ["F1", "F2", "F3", "WeightedF"],
  "MeanValues": {
    "A1": 0,
    "A2": 0,
    "A3": 0,
    "B1": 0,
    "B2": 0,
    "B3": 0,
    "B4": 0,
    "F1": 0,
    "F2": 0,
    "F3": 0,
    "WeightedF": 0
  },
  "TestPointWeights": [
    0.33333,
    0.33333,
    0.33333
  ],
  "QualityLoss": {
    "InefficiencyCosts": 100.0
  }
}